ID,tipoAsiento_ID,subtipoAsiento_ID,obligatorio,createdAt,createdBy,modifiedAt,modifiedBy
f64470f3-cfc3-4929-baaa-8f630490b5ed,7d332e84-551a-491c-8ba2-895245401633,c2a5f280-3754-46fa-992f-d1fe9145fa2b,true,2026-09-09T00:00:00.000000,dtagliavini,2026-09-09T00:00:00.000000,dtagliavini
5edfb4a8-b6a8-4448-a56d-a0988540dcb7,664a1901-083e-4eb8-b5d9-32ab0b61b5d6,6dd6ab62-b879-4fcb-8e92-7de53eb6c37a,true,2026-09-09T00:00:00.000000,dtagliavini,2026-09-09T00:00:00.000000,dtagliavini
b2b96a87-0b99-409a-a883-f6cefc200f02,664a1901-083e-4eb8-b5d9-32ab0b61b5d6,4a72c981-4606-44d9-8b7a-d941646e7292,true,2026-09-09T00:00:00.000000,dtagliavini,2026-09-09T00:00:00.000000,dtagliavini
666696e8-a935-4a8f-bd49-7c70f26bb5a3,664a1901-083e-4eb8-b5d9-32ab0b61b5d6,76229dff-e4fd-4b4d-9e09-1c1ab20b46c6,true,2026-09-09T00:00:00.000000,dtagliavini,2026-09-09T00:00:00.000000,dtagliavini
7071911c-7f0f-4d08-b923-0e93022eb606,664a1901-083e-4eb8-b5d9-32ab0b61b5d6,96a1941b-f78a-4ed5-a9ee-eecc2e0ab1d0,true,2026-09-09T00:00:00.000000,dtagliavini,2026-09-09T00:00:00.000000,dtagliavini
59f17498-0d24-4d91-adcf-e2c8f5e638c,664a1901-083e-4eb8-b5d9-32ab0b61b5d6,b3532bd8-3ec2-478f-8c12-6457fea9db6a,true,2026-09-09T00:00:00.000000,dtagliavini,2026-09-09T00:00:00.000000,dtagliavini
bf2e0a09-71d1-4e02-9d32-745935e8f2f0,664a1901-083e-4eb8-b5d9-32ab0b61b5d6,ec953db8-7fd7-438e-a813-77bb3f6f218f,true,2026-09-09T00:00:00.000000,dtagliavini,2026-09-09T00:00:00.000000,dtagliavini
6e60e420-146b-4690-b5ce-12077918ae3b,664a1901-083e-4eb8-b5d9-32ab0b61b5d6,4547da24-ced7-441c-8ed5-8cbe960e3c01,true,2026-09-09T00:00:00.000000,dtagliavini,2026-09-09T00:00:00.000000,dtagliavini
b580b2e0-d1dc-4bbc-bab9-13889ed05748,406bd618-c071-42cd-b33c-72df2f655978,f7f9eeac-b614-4d0c-88fc-1f97bb9484e9,true,2026-09-09T00:00:00.000000,dtagliavini,2026-09-09T00:00:00.000000,dtagliavini
